Domain,Status,Attractiveness,Demand,Length,Sectors,Created,Expires,Registrar
one.date,available,132,44%,3,"Business,General,Media,Technology",,,
brief.date,available,124,19%,5,"Business,Education,General,Law",,,
complete.date,available,120,21%,8,"Manufacturing,Retail,Technology",,,
second.date,available,120,23%,6,"General,Mathematics",,,
wizard.date,available,118,42%,6,"Entertainment,Media,Technology",,,
tenth.date,available,116,7%,5,Mathematics,,,
equal.date,available,116,19%,5,"Education,General,Law",,,
flat.date,available,116,24%,4,"Construction,Real Estate",,,
tonic.date,available,114,22%,5,"Health and Fitness,Medicine,Science",,,
acute.date,available,112,9%,5,"Mathematics,Medicine,Science",,,
zero.date,available,112,49%,4,Mathematics,,,
hotshot.date,available,112,14%,7,"Business,Entertainment,Sports",,,
above.date,available,112,22%,5,Business,,,
abstract.date,available,108,29%,8,"Arts,Humanities,Science",,,
abiding.date,available,106,5%,7,"General,Religion",,,
active.date,available,104,27%,6,"Health and Fitness,Sports,Travel",,,
expert.date,available,104,26%,6,"Business,Education,Technology",,,
teen.date,available,104,14%,4,"Education,Entertainment,Healthcare",,,
absent.date,available,102,8%,6,"Business,Education,Technology",,,
captive.date,available,102,14%,7,"Entertainment,Hospitality,Technology",,,
eight.date,available,102,23%,5,"General,Mathematics",,,
extra.date,available,102,26%,5,"Fashion,Retail,Technology",,,
whiz.date,available,100,12%,4,"Business,Education,Technology",,,
adjunct.date,available,100,5%,7,Education,,,
ninth.date,available,100,9%,5,Mathematics,,,
third.date,available,100,16%,5,Mathematics,,,
remove.date,available,100,13%,6,"Construction,Manufacturing,Technology",,,
abrupt.date,available,100,3%,6,"Medicine,Science",,,
crack.date,available,100,20%,5,Sports,,,
eighth.date,available,100,6%,6,Mathematics,,,
whizz.date,available,98,11%,5,"Business,Education,Technology",,,
genius.date,available,98,46%,6,"Arts,Education,Technology",,,
doable.date,available,96,9%,6,"Business,Education,Technology",,,
forgiving.date,available,96,3%,9,"Healthcare,Religion",,,
alamode.date,available,96,12%,9,Fashion,,,
actual.date,available,96,22%,6,"Real Estate,Retail,Technology",,,
academic.date,available,96,20%,8,"Education,Humanities,Science",,,
about.date,available,94,28%,5,"Business,General,Media,Technology",,,
adequate.date,available,94,9%,8,"Education,Healthcare,Technology",,,
virtuoso.date,available,94,16%,8,"Arts,Entertainment",,,
around.date,available,94,22%,6,"Business,General,Media,Technology",,,
nought.date,available,92,4%,6,Mathematics,,,
neutral.date,available,92,20%,7,"Business,Media,Politics",,,
twentieth.date,available,92,3%,9,Mathematics,,,
derelict.date,available,92,7%,8,"Construction,Real Estate",,,
abroad.date,available,92,12%,6,"Hospitality,Travel",,,
adept.date,available,92,24%,5,"Education,Health and Fitness,Sports",,,
adjective.date,available,92,5%,9,Education,,,
exemplary.date,available,92,5%,9,"Business,Education,Healthcare",,,
endearing.date,available,90,1%,9,"Entertainment,Fashion,Retail",,,
additional.date,available,90,8%,10,"Fashion,Retail,Technology",,,
abortive.date,available,90,1%,8,"Medicine,Science",,,
adoring.date,available,90,2%,7,"Entertainment,Fashion,Retail",,,
clear.date,available,90,47%,5,"Manufacturing,Retail,Technology",,,
gripping.date,available,90,3%,8,"Entertainment,Media,Technology",,,
addictive.date,available,90,9%,9,Healthcare,,,
riveting.date,available,90,6%,8,"Entertainment,Media,Technology",,,
leash.date,available,90,7%,5,"General,Health and Fitness,Retail",,,
proficient.date,available,88,8%,10,"Education,Health and Fitness,Sports",,,
twelve.date,available,88,18%,6,"General,Mathematics",,,
wide.date,available,88,18%,4,"Business,Media,Technology",,,
fifteen.date,available,88,13%,7,Mathematics,,,
sixteen.date,available,88,11%,7,Mathematics,,,
activist.date,available,88,12%,8,"Humanities,Politics",,,
ten.date,available,88,28%,3,"General,Mathematics",,,
eleven.date,available,88,33%,6,Mathematics,,,
actionable.date,available,88,13%,10,"Business,Law",,,
three.date,available,88,24%,5,Mathematics,,,
adlib.date,available,88,7%,6,Entertainment,,,
hundred.date,available,88,14%,7,Mathematics,,,
attendant.date,available,86,5%,9,"Healthcare,Hospitality,Transportation",,,
xiv.date,available,86,12%,3,Mathematics,,,
cipher.date,available,86,29%,6,Mathematics,,,
adolescent.date,available,86,3%,10,"Education,Entertainment,Healthcare",,,
intent.date,available,86,25%,6,"Business,Education,Technology",,,
xix.date,available,86,11%,3,Mathematics,,,
extempore.date,available,86,3%,9,Entertainment,,,
aboriginal.date,available,86,10%,10,Humanities,,,
recondite.date,available,86,4%,9,"Arts,Humanities,Science",,,
engrossing.date,available,86,0%,10,"Entertainment,Media,Technology",,,
deviate.date,available,84,12%,7,"Medicine,Science",,,
nineteen.date,available,84,8%,8,Mathematics,,,
thousand.date,available,84,8%,8,Mathematics,,,
adjustable.date,available,84,3%,10,"Manufacturing,Retail,Technology",,,
thirteen.date,available,84,10%,8,Mathematics,,,
sharp.date,available,84,34%,5,"Arts,Fashion",,,
fourteen.date,available,84,8%,8,Mathematics,,,
grand.date,available,84,25%,5,"Finance,General",,,
accessory.date,available,84,8%,9,"Fashion,Retail,Technology",,,
acting.date,available,84,12%,6,Entertainment,,,
twentyone.date,available,84,13%,10,Mathematics,,,
seventeen.date,available,84,7%,9,Mathematics,,,
twentytwo.date,available,84,11%,10,Mathematics,,,
abenaki.date,available,82,2%,7,Geography,,,
cleansing.date,available,82,3%,9,Health and Fitness,,,
abroach.date,available,82,1%,7,Food and Beverage,,,
decade.date,available,82,10%,6,Mathematics,,,
absorbent.date,available,82,3%,9,"Healthcare,Manufacturing,Retail",,,
fivesome.date,available,82,1%,8,Sports,,,
abdominal.date,available,82,1%,9,"Health and Fitness,Medicine",,,
impromptu.date,available,82,16%,9,Entertainment,,,
good.date,available,82,47%,4,"Food and Beverage,General,Health and Fitness,Retail",,,
altered.date,available,82,9%,7,"Medicine,Science",,,
enduring.date,available,82,9%,8,"Health and Fitness,Religion",,,
abkhaz.date,available,82,1%,6,Geography,,,
dozen.date,available,82,10%,5,Mathematics,,,
abundant.date,available,80,19%,8,"Agriculture,Manufacturing,Retail",,,
worshipful.date,available,80,1%,10,"Education,Healthcare,Religion",,,
absurd.date,available,80,16%,6,"Arts,Entertainment,Media",,,
dorsal.date,available,80,6%,6,"Medicine,Science",,,
capable.date,available,80,12%,7,"Business,Education,Technology",,,
forty.date,available,80,9%,5,Mathematics,,,
first.date,available,80,36%,5,"General,Mathematics",,,
seventh.date,available,80,10%,7,Mathematics,,,
able.date,available,80,29%,4,"Business,Education,General,Technology",,,
adoptable.date,available,80,3%,9,"Education,Healthcare",,,
superstar.date,available,80,18%,9,Entertainment,,,
yard.date,available,80,26%,4,"Construction,General",,,
trio.date,available,80,21%,4,Entertainment,,,
sequent.date,available,80,7%,7,"Healthcare,Insurance,Transportation",,,
absorbable.date,available,80,0%,10,"Healthcare,Pharmaceuticals,Science",,,
wiz.date,available,80,30%,3,"Business,Education,Technology",,,
absolute.date,available,80,25%,8,"Engineering,Mathematics,Science",,,
twenty.date,available,80,12%,6,Mathematics,,,
nine.date,available,80,24%,4,"General,Mathematics",,,
some.date,available,80,32%,4,"Business,Media,Retail",,,
adrenal.date,available,78,4%,7,"Education,Healthcare,Science",,,
accidental.date,available,78,11%,10,"Healthcare,Insurance,Transportation",,,
accessible.date,available,78,21%,10,"Healthcare,Retail,Technology",,,
accepted.date,available,78,6%,8,"Business,Education,Technology",,,
twentysix.date,available,78,8%,10,Mathematics,,,
abkhasian.date,available,78,1%,9,Geography,,,
acceptable.date,available,78,5%,10,"Business,Hospitality,Retail",,,
recognised.date,available,78,3%,10,"Business,Education,Technology",,,
dormant.date,available,78,4%,7,"Medicine,Science",,,
abkhazian.date,available,78,1%,9,Geography,,,
low.date,available,78,20%,3,"Business,Finance",,,
abounding.date,available,78,2%,9,Agriculture,,,
adjacent.date,available,78,9%,8,"Construction,Real Estate,Retail",,,
absorptive.date,available,78,1%,10,"Healthcare,Manufacturing,Retail",,,
accurate.date,available,78,16%,8,"Engineering,Mathematics,Science",,,
recognized.date,available,78,3%,10,"Business,Education,Technology",,,
acceptant.date,available,78,1%,9,"Education,Healthcare",,,
sixtynine.date,available,78,8%,10,Mathematics,,,
adorable.date,available,78,8%,8,"Entertainment,Fashion,Retail",,,
athletic.date,available,78,15%,8,"Health and Fitness,Sports",,,
fifteenth.date,available,76,2%,9,Mathematics,,,
abrasive.date,available,76,6%,8,"Construction,Manufacturing",,,
nineteenth.date,available,76,3%,10,Mathematics,,,
ague.date,available,76,2%,4,"Geography,Medicine,Science",,,
incidental.date,available,76,4%,10,"Healthcare,Insurance,Transportation",,,
energizing.date,available,76,3%,10,"Food and Beverage,Health and Fitness,Travel",,,
thirteenth.date,available,76,4%,10,Mathematics,,,
fourteenth.date,available,76,1%,10,Mathematics,,,
ancillary.date,available,76,6%,9,"Healthcare,Manufacturing,Technology",,,
firstrate.date,available,76,6%,10,Business,,,
threed.date,available,76,7%,7,Technology,,,
adaptive.date,available,76,28%,8,"Business,Education,Technology",,,
adaptable.date,available,76,9%,9,"Business,Education,Technology",,,
diamond.date,available,76,32%,7,Fashion,,,
hundredth.date,available,76,1%,9,Mathematics,,,
ventral.date,available,76,3%,7,Science,,,
acoustic.date,available,76,14%,8,Science,,,
improvise.date,available,76,4%,9,Entertainment,,,
eighteen.date,available,76,7%,8,Mathematics,,,
addable.date,available,76,2%,7,"Engineering,Mathematics,Science",,,
adhesive.date,available,76,7%,8,"Construction,Manufacturing,Technology",,,
adipose.date,available,76,2%,7,"Healthcare,Science",,,
resultant.date,available,76,2%,9,"Healthcare,Insurance,Transportation",,,
adherent.date,available,76,4%,8,"Politics,Religion",,,
thousandth.date,available,76,1%,10,Mathematics,,,
auxiliary.date,available,76,7%,9,"Healthcare,Manufacturing,Technology",,,
obscene.date,available,76,5%,7,"Entertainment,Media",,,
realizable.date,available,74,1%,10,"Business,Education,Technology",,,
acuate.date,available,74,2%,6,"Engineering,Medicine,Science",,,
single.date,available,74,19%,6,Sports,,,
adenoid.date,available,74,1%,7,"Health and Fitness,Medicine,Science",,,
broad.date,available,74,13%,5,"Entertainment,General,Media",,,
adapted.date,available,74,6%,7,"Healthcare,Manufacturing,Technology",,,
playing.date,available,74,12%,7,Entertainment,,,
admirable.date,available,74,5%,9,"Business,Education,Healthcare",,,
abnormal.date,available,74,16%,8,"Medicine,Science",,,
adamant.date,available,74,14%,7,Religion,,,
cleared.date,available,74,7%,7,"Healthcare,Law,Transportation",,,
achievable.date,available,74,4%,10,"Business,Education,Technology",,,
supra.date,available,74,25%,5,"Medicine,Science",,,
adrenergic.date,available,74,1%,10,"Education,Healthcare,Science",,,
aberrant.date,available,74,6%,8,"Medicine,Science",,,
manageable.date,available,74,4%,10,"Business,Education,Technology",,,
accepting.date,available,74,3%,9,"Education,Healthcare",,,
mavin.date,available,74,7%,5,"Entertainment,Fashion,Technology",,,
sensation.date,available,74,7%,9,"Entertainment,Media,Sports",,,
activated.date,available,74,9%,9,"Healthcare,Manufacturing,Technology",,,
skilful.date,available,74,3%,7,"Education,Health and Fitness,Sports",,,
accusative.date,available,72,0%,10,"Humanities,Law",,,
abreast.date,available,72,2%,7,"Business,Technology",,,
ternary.date,available,72,7%,7,Mathematics,,,
aching.date,available,72,4%,6,Healthcare,,,
adiabatic.date,available,72,3%,9,"Engineering,Science",,,
abloom.date,available,72,5%,6,Agriculture,,,
seventieth.date,available,72,1%,10,Mathematics,,,
absolutist.date,available,72,1%,10,"Humanities,Law,Politics",,,
adjunctive.date,available,72,1%,10,"Healthcare,Manufacturing,Technology",,,
accustomed.date,available,72,1%,10,"Business,Education,Humanities",,,
adonic.date,available,72,2%,6,"Arts,Education,Entertainment",,,
sixtieth.date,available,72,1%,8,Mathematics,,,
eightieth.date,available,72,1%,9,Mathematics,,,
ninetieth.date,available,72,1%,9,Mathematics,,,
adaptative.date,available,72,1%,10,"Business,Education,Technology",,,
absorbed.date,available,72,2%,8,"Entertainment,Media,Technology",,,
improvize.date,available,72,1%,9,Entertainment,,,
trinity.date,available,72,18%,7,Religion,,,
existent.date,available,72,3%,8,"Mathematics,Science",,,
liv.date,available,72,27%,3,Mathematics,,,
champion.date,available,72,28%,8,"Entertainment,Health and Fitness,Sports",,,
ablaze.date,available,72,6%,6,Entertainment,,,
engrossed.date,available,72,1%,9,"Entertainment,Media,Technology",,,
lovely.date,available,72,26%,6,"Entertainment,Fashion,Retail",,,
deep.date,available,72,41%,4,"Engineering,Mathematics,Science",,,
addicted.date,available,72,9%,8,Healthcare,,,
trey.date,available,72,14%,4,Sports,,,
adjectival.date,available,72,1%,10,Education,,,
acuminate.date,available,70,1%,9,"Engineering,Medicine,Science",,,
adamantine.date,available,70,4%,10,Religion,,,
admired.date,available,70,5%,7,"Business,Education,Healthcare",,,
recumbent.date,available,70,2%,9,"Healthcare,Medicine,Science",,,
absorbing.date,available,70,3%,9,"Entertainment,Media,Technology",,,
offhand.date,available,70,2%,7,Entertainment,,,
tiptop.date,available,70,24%,6,Fashion,,,
lowdown.date,available,70,6%,8,"Entertainment,Media",,,
miserable.date,available,70,4%,9,Humanities,,,
unity.date,expired,70,40%,5,Mathematics,23/06/2024 19:42,23/06/2025 19:42,"GoDaddy.com, LLC"
abradant.date,available,70,1%,8,"Construction,Manufacturing",,,
abulic.date,available,70,1%,6,Medicine,,,
adored.date,available,70,6%,6,"Entertainment,Fashion,Retail",,,
gymnastic.date,available,70,3%,9,"Entertainment,Sports",,,
consequent.date,available,70,3%,10,"Business,Education,General,Technology",,,
accumbent.date,available,70,1%,9,"Healthcare,Medicine,Science",,,
adjusted.date,available,70,5%,8,"Manufacturing,Retail,Technology",,,
stillborn.date,available,70,2%,9,"Medicine,Science",,,
practiced.date,available,70,3%,9,"Education,Health and Fitness,Sports",,,
skillful.date,available,70,9%,8,"Education,Health and Fitness,Sports",,,
decorated.date,available,68,3%,9,"Entertainment,Fashion,Retail",,,
sevener.date,available,68,1%,7,Mathematics,,,
aculeate.date,available,68,1%,8,"Engineering,Medicine,Science",,,
octonary.date,available,68,1%,8,Mathematics,,,
accredited.date,available,68,9%,10,"Business,Education,Healthcare",,,
activating.date,available,68,3%,10,"Healthcare,Manufacturing,Technology",,,
ennead.date,available,68,5%,6,Mathematics,,,
threesome.date,available,68,5%,9,Entertainment,,,
acerate.date,available,68,1%,7,Science,,,
fortieth.date,available,68,0%,8,Mathematics,,,
ane.date,available,68,12%,3,Mathematics,,,
fiftieth.date,available,68,0%,8,Mathematics,,,
achaian.date,available,68,2%,7,Humanities,,,
abkhas.date,available,68,0%,6,Geography,,,
ablative.date,available,68,3%,8,Science,,,
overseas.date,available,68,12%,8,"Hospitality,Travel",,,
licensed.date,available,68,5%,8,"Business,Healthcare,Insurance",,,
abnaki.date,available,68,1%,6,Geography,,,
thirtieth.date,available,68,1%,9,Mathematics,,,
aroused.date,available,68,3%,7,"Entertainment,Health and Fitness",,,
aberdonian.date,available,68,1%,10,Geography,,,
stygian.date,available,68,5%,7,Humanities,,,
scurvy.date,available,68,3%,6,Humanities,,,
disciple.date,available,68,14%,8,"Education,Religion",,,
licenced.date,available,68,2%,8,"Business,Healthcare,Insurance",,,
abducent.date,available,68,0%,8,Medicine,,,
achaean.date,available,68,2%,7,Humanities,,,
septenary.date,available,68,1%,9,Mathematics,,,
foursome.date,available,68,4%,8,Sports,,,
vindicated.date,available,68,2%,10,"Humanities,Law,Politics",,,
acrobatic.date,available,66,4%,9,"Entertainment,Sports",,,
abstinent.date,available,66,1%,9,"Health and Fitness,Religion",,,
adopted.date,available,66,4%,7,"Education,Healthcare",,,
five.date,available,66,26%,4,Mathematics,,,
sextet.date,available,66,1%,6,Entertainment,,,
performing.date,available,66,6%,10,Entertainment,,,
xxv.date,available,66,6%,3,Mathematics,,,
according.date,available,66,3%,9,"Business,Education,Technology",,,
exonerated.date,available,66,2%,10,"Humanities,Law,Politics",,,
tenner.date,available,66,5%,6,Finance,,,
six.date,available,66,26%,3,Mathematics,,,
xvii.date,available,66,5%,4,Mathematics,,,
buzzing.date,available,66,7%,7,"Entertainment,Media,Technology",,,
xii.date,available,66,10%,3,Mathematics,,,
xviii.date,available,66,5%,5,Mathematics,,,
xiii.date,available,66,9%,4,Mathematics,,,
deuce.date,available,66,9%,5,Sports,,,
modish.date,available,66,5%,6,Fashion,,,
teenager.date,available,66,4%,8,"Education,Entertainment,Healthcare",,,
xxii.date,available,66,6%,4,Mathematics,,,
clv.date,available,66,10%,3,Mathematics,,,
thirty.date,available,66,8%,6,Mathematics,,,
ninety.date,available,66,11%,6,Mathematics,,,
maven.date,available,66,30%,5,"Entertainment,Fashion,Technology",,,
xvi.date,available,66,5%,3,Mathematics,,,
onec.date,available,66,6%,5,Mathematics,,,
accessary.date,available,66,1%,9,"Business,Law,Technology",,,
eighty.date,available,66,6%,6,Mathematics,,,
acappella.date,available,66,6%,10,Entertainment,,,
acervate.date,available,66,1%,8,Science,,,
xxvi.date,available,66,3%,4,Mathematics,,,
adorned.date,available,66,5%,7,"Entertainment,Fashion,Retail",,,
fifty.date,available,66,12%,5,Mathematics,,,
century.date,available,66,17%,7,Education,,,
four.date,available,66,27%,4,Mathematics,,,
latest.date,available,66,18%,6,Technology,,,
xxi.date,available,66,10%,3,Mathematics,,,
adagio.date,available,64,14%,6,Entertainment,,,
accordant.date,available,64,3%,9,"Arts,Entertainment",,,
absolved.date,available,64,1%,8,"Humanities,Law,Religion",,,
scatty.date,available,64,1%,6,"Arts,Entertainment,Media",,,
aflame.date,available,64,3%,6,Entertainment,,,
acentric.date,available,64,2%,8,Science,,,
deviant.date,available,64,12%,7,"Medicine,Science",,,
rising.date,available,64,18%,6,"Construction,Manufacturing,Real Estate",,,
nondrinker.date,available,64,1%,10,"Health and Fitness,Religion",,,
astringent.date,available,64,1%,10,"Healthcare,Pharmaceuticals",,,
nail.date,available,62,16%,4,"Construction,Fashion,General,Retail",,,
longdozen.date,available,62,2%,10,Mathematics,,,
exculpated.date,available,62,1%,10,"Humanities,Law,Politics",,,
adoptive.date,available,62,1%,8,"Education,Healthcare",,,
admissible.date,available,62,1%,10,"Education,Healthcare,Law",,,
aufait.date,available,62,3%,7,"Fashion,Media",,,
eighteenth.date,available,62,1%,10,Mathematics,,,
quartet.date,available,62,7%,7,"Arts,Entertainment",,,
orso.date,available,62,9%,5,"Business,Media,Technology",,,
wrapped.date,available,62,13%,7,"Fashion,Hospitality,Retail",,,
activation.date,available,62,16%,10,"Healthcare,Manufacturing,Technology",,,
ensuant.date,available,62,1%,7,"Healthcare,Insurance,Transportation",,,
chiliad.date,available,62,2%,7,Mathematics,,,
acidic.date,available,62,5%,6,"Food and Beverage,Science",,,
troika.date,available,62,8%,6,Politics,,,
cumulative.date,available,62,2%,10,"Banking,Finance,Insurance",,,
accrued.date,available,62,2%,7,"Banking,Finance,Insurance",,,
aborigine.date,available,62,1%,9,Humanities,,,
fortyfour.date,available,62,6%,10,Mathematics,,,
pungent.date,available,62,1%,7,Food and Beverage,,,
roughly.date,available,62,3%,7,"Business,Media,Technology",,,
playacting.date,available,62,1%,10,Entertainment,,,
adjuvant.date,available,62,5%,8,"Healthcare,Manufacturing,Technology",,,
sixteenth.date,available,62,1%,9,Mathematics,,,
abo.date,available,62,15%,3,Science,,,
accusing.date,available,62,1%,8,Law,,,
eleventh.date,available,62,5%,8,Mathematics,,,
activistic.date,available,62,1%,10,"Humanities,Politics",,,
twodozen.date,available,62,1%,9,Mathematics,,,
annexal.date,available,60,1%,7,"Agriculture,Manufacturing,Retail",,,
adnexal.date,available,60,1%,7,"Agriculture,Manufacturing,Retail",,,
abstainer.date,available,60,0%,9,"Health and Fitness,Religion",,,
cxxv.date,available,60,1%,4,Mathematics,,,
cxx.date,available,60,10%,3,Mathematics,,,
clx.date,available,60,10%,3,Mathematics,,,
xcl.date,available,60,5%,3,Mathematics,,,
abstemious.date,available,60,0%,10,"Food and Beverage,Health and Fitness,Hospitality",,,
acceptive.date,available,60,1%,9,"Education,Healthcare",,,
cxxxv.date,available,60,2%,5,Mathematics,,,
tertiary.date,available,60,4%,8,Education,,,
octet.date,available,60,12%,5,Arts,,,
idolized.date,available,60,3%,8,"Entertainment,Fashion,Retail",,,
cxl.date,available,60,7%,3,Mathematics,,,
sixty.date,available,60,13%,5,Mathematics,,,
clxxv.date,available,60,1%,5,Mathematics,,,
cxxx.date,available,60,4%,4,Mathematics,,,
paunchy.date,available,60,0%,7,"Health and Fitness,Medicine",,,
clxv.date,available,60,1%,4,Mathematics,,,
clxx.date,available,60,3%,4,Mathematics,,,
eightysix.date,available,60,7%,10,Mathematics,,,
aboveboard.date,available,60,5%,10,"Business,Law",,,
cautionary.date,available,60,1%,10,"Business,Education,Healthcare",,,
idolised.date,available,60,1%,8,"Entertainment,Fashion,Retail",,,
cxv.date,available,60,4%,3,Mathematics,,,
adnate.date,available,60,1%,6,"Agriculture,Manufacturing,Retail",,,
abashed.date,available,60,1%,7,Humanities,,,
cxlv.date,available,60,2%,4,Mathematics,,,
clxxx.date,available,60,1%,5,Mathematics,,,
tercet.date,available,59,2%,6,"Arts,Entertainment,Media",,,
sixtyone.date,available,58,3%,9,Mathematics,,,
adhoc.date,available,58,24%,6,"Business,Engineering,Technology",,,
aucourant.date,available,58,3%,10,"Fashion,Media",,,
acyclic.date,available,58,4%,7,"Engineering,Mathematics,Science",,,
pentad.date,available,58,2%,6,Mathematics,,,
fourth.date,available,58,13%,6,Mathematics,,,
abandoned.date,available,58,10%,9,"Construction,Real Estate",,,
abuzz.date,available,58,5%,5,"Entertainment,Media,Technology",,,
centesimal.date,available,58,1%,10,Mathematics,,,
abused.date,available,58,5%,6,"Healthcare,Law",,,
addressed.date,available,58,3%,9,"Business,Technology,Telecommunications",,,
actuarial.date,available,58,8%,9,"Finance,Insurance,Mathematics",,,
linear.date,available,58,22%,6,"Engineering,Mathematics,Science",,,
accented.date,available,58,3%,8,"Arts,Entertainment",,,
enwrapped.date,available,58,0%,9,"Entertainment,Fashion,Media",,,
octad.date,available,58,5%,5,Mathematics,,,
addible.date,available,58,2%,7,"Engineering,Mathematics,Science",,,
quintet.date,available,58,8%,7,"Arts,Entertainment",,,
seventy.date,available,58,7%,7,Mathematics,,,
accretive.date,available,58,6%,9,"Banking,Finance,Insurance",,,
lxxx.date,available,58,2%,4,Mathematics,,,
adjustive.date,available,58,1%,9,"Manufacturing,Retail,Technology",,,
niner.date,available,58,5%,5,Mathematics,,,
hexad.date,available,58,4%,5,Mathematics,,,
sixer.date,available,58,5%,5,Sports,,,
acetic.date,available,58,1%,6,"Food and Beverage,Science",,,
tetrad.date,available,58,5%,6,Mathematics,,,
twelfth.date,available,58,2%,7,Mathematics,,,
seven.date,available,58,36%,5,Mathematics,,,
abridged.date,available,58,4%,8,Media,,,
eighter.date,available,58,2%,7,Mathematics,,,
justabout.date,available,58,3%,10,"Business,Media,Technology",,,
accoutred.date,available,58,1%,9,"Fashion,Manufacturing,Retail",,,
adient.date,available,58,4%,6,"Medicine,Science",,,
offhanded.date,available,58,1%,9,Entertainment,,,
alacarte.date,available,58,11%,10,Food and Beverage,,,
fourscore.date,available,58,4%,9,Mathematics,,,
sextuplet.date,available,58,1%,9,Healthcare,,,
lxxviii.date,available,58,1%,7,Mathematics,,,
super.date,resell,58,47%,5,Business,05/09/2016 19:28,04/09/2026 23:59,1API GmbH
ache.date,available,58,7%,4,Healthcare,,,
closeto.date,available,58,3%,8,"Business,Media,Technology",,,
heptad.date,available,58,1%,6,Mathematics,,,
fifth.date,available,58,12%,5,Mathematics,,,
cypher.date,available,58,29%,6,Mathematics,,,
liii.date,available,56,4%,4,Mathematics,,,
fiftyfive.date,available,56,7%,10,Mathematics,,,
xxxvi.date,available,56,1%,5,Mathematics,,,
xliii.date,available,56,1%,5,Mathematics,,,
abeyant.date,available,56,1%,7,"Business,Law",,,
fiftytwo.date,available,56,6%,9,Mathematics,,,
thirtytwo.date,available,56,5%,10,Mathematics,,,
thirtyone.date,available,56,5%,10,Mathematics,,,
xlvi.date,available,56,3%,4,Mathematics,,,
admittable.date,available,56,1%,10,"Education,Healthcare,Hospitality",,,
lvi.date,available,56,8%,3,Mathematics,,,
xlvii.date,available,56,2%,5,Mathematics,,,
xxxii.date,available,56,1%,5,Mathematics,,,
xxviii.date,available,56,1%,6,Mathematics,,,
xxxiii.date,available,56,2%,6,Mathematics,,,
fiftynine.date,available,56,4%,10,Mathematics,,,
fiftyone.date,available,56,7%,9,Mathematics,,,
addled.date,available,56,2%,6,Entertainment,,,
lviii.date,available,56,1%,5,Mathematics,,,
abdominous.date,available,56,0%,10,"Health and Fitness,Medicine",,,
admittible.date,available,56,1%,10,"Education,Healthcare,Hospitality",,,
xxiii.date,available,56,5%,5,Mathematics,,,
xxxviii.date,available,56,1%,7,Mathematics,,,
xli.date,available,56,5%,3,Mathematics,,,
admissive.date,available,56,1%,9,"Education,Healthcare,Hospitality",,,
fortytwo.date,available,56,17%,9,Mathematics,,,
halfdozen.date,available,56,1%,10,Mathematics,,,
xliv.date,available,56,2%,4,Mathematics,,,
xxxv.date,available,56,4%,4,Mathematics,,,
appressed.date,available,56,0%,9,"Agriculture,Manufacturing,Retail",,,
fortyone.date,available,56,4%,9,Mathematics,,,
xlv.date,available,56,6%,3,Mathematics,,,
xxix.date,available,56,4%,4,Mathematics,,,
terzetto.date,available,56,3%,8,Arts,,,
xxxvii.date,available,56,2%,6,Mathematics,,,
potbellied.date,available,56,0%,10,"Health and Fitness,Medicine",,,
xxiv.date,available,56,5%,4,Mathematics,,,
xxxiv.date,available,56,1%,5,Mathematics,,,
ilx.date,available,56,5%,3,Mathematics,,,
xxvii.date,available,56,3%,5,Mathematics,,,
maledict.date,available,56,1%,8,Religion,,,
triad.date,available,56,15%,5,Arts,,,
xlii.date,available,56,5%,4,Mathematics,,,
aone.date,available,56,15%,5,Food and Beverage,,,
fiftysix.date,available,56,4%,9,Mathematics,,,
lvii.date,available,56,1%,4,Mathematics,,,
fortysix.date,available,56,3%,9,Mathematics,,,
xxxi.date,available,56,9%,4,Mathematics,,,
lii.date,available,56,7%,3,Mathematics,,,
fiftyfour.date,available,56,3%,10,Mathematics,,,
accoutered.date,available,56,0%,10,"Fashion,Manufacturing,Retail",,,
fortynine.date,available,56,3%,10,Mathematics,,,
thirtysix.date,available,56,5%,10,Mathematics,,,
xlviii.date,available,56,1%,6,Mathematics,,,
achromatic.date,available,54,4%,10,Science,,,
abient.date,available,54,1%,6,Science,,,
fin.date,resell,54,30%,3,Finance,09/07/2016 15:39,08/07/2027 23:59,"Chengdu West Dimension Digital Technology Co., Ltd."
quaternity.date,available,54,4%,10,Mathematics,,,
deuceace.date,available,54,2%,9,Sports,,,
adducent.date,available,54,1%,8,"Engineering,Mathematics,Science",,,
adaxial.date,available,54,2%,7,Science,,,
quadruplet.date,available,54,1%,10,"Healthcare,Medicine,Science",,,
adjuratory.date,available,54,0%,10,"Law,Politics,Religion",,,
abasic.date,available,54,1%,6,Science,,,
admonitory.date,available,54,0%,10,"Business,Education,Healthcare",,,
achy.date,available,54,3%,4,Healthcare,,,
abducens.date,available,54,1%,8,Medicine,,,
adpressed.date,available,54,0%,9,"Agriculture,Manufacturing,Retail",,,
scratchy.date,available,54,3%,8,Fashion,,,
quatern.date,available,54,2%,7,Mathematics,,,
vii.date,available,54,13%,3,Mathematics,,,
ternion.date,available,54,3%,7,Mathematics,,,
accursed.date,available,54,3%,8,"Entertainment,Media,Religion",,,
acoustical.date,available,54,4%,10,Science,,,
fortyfive.date,available,54,4%,10,Mathematics,,,
threescore.date,available,54,1%,10,Mathematics,,,
quaternion.date,available,54,6%,10,Mathematics,,,
sise.date,available,54,5%,4,Mathematics,,,
quintuplet.date,available,54,1%,10,"Healthcare,Medicine,Science",,,
abatable.date,available,54,1%,8,Law,,,
aboral.date,available,54,2%,6,Science,,,
adducting.date,available,54,1%,9,"Engineering,Mathematics,Science",,,
abaxial.date,available,54,1%,7,Science,,,
abatic.date,available,54,1%,6,Science,,,
iii.date,available,54,24%,3,Mathematics,,,
viii.date,available,54,6%,4,Mathematics,,,
accentual.date,available,54,3%,9,"Arts,Entertainment",,,
twoscore.date,available,54,2%,8,Mathematics,,,
adductive.date,available,54,0%,9,"Engineering,Mathematics,Science",,,
monitory.date,available,54,3%,8,"Business,Education,Healthcare",,,
actuated.date,available,54,2%,8,"Automotive,Manufacturing,Technology",,,
abhorrent.date,available,54,1%,9,Humanities,,,
deserted.date,available,54,3%,8,"Hospitality,Real Estate",,,
unnatural.date,available,54,4%,9,"Medicine,Science",,,
topnotch.date,available,54,18%,8,Business,,,
sestet.date,available,53,1%,6,Arts,,,
septet.date,available,53,1%,6,General,,,
xxx.date,available,53,30%,3,"Arts,Entertainment,Media",,,
xcvi.date,available,52,2%,4,Mathematics,,,
lxxxiii.date,available,52,1%,7,Mathematics,,,
repugnant.date,available,52,1%,9,Humanities,,,
lxxii.date,available,52,1%,5,Mathematics,,,
lxiv.date,available,52,3%,4,Mathematics,,,
littlejoe.date,available,52,2%,10,"Entertainment,Media",,,
lxxi.date,available,52,1%,4,Mathematics,,,
odious.date,available,52,2%,6,"Entertainment,Humanities",,,
sixtyfive.date,available,52,3%,10,Mathematics,,,
adenoidal.date,available,52,1%,9,"Health and Fitness,Medicine,Science",,,
xciii.date,available,52,1%,5,Mathematics,,,
ninetysix.date,available,52,4%,10,Mathematics,,,
xci.date,available,52,4%,3,Mathematics,,,
lxxvii.date,available,52,2%,6,Mathematics,,,
lxxxvi.date,available,52,1%,6,Mathematics,,,
lxxv.date,available,52,1%,4,Mathematics,,,
lxiii.date,available,52,2%,5,Mathematics,,,
decumbent.date,available,52,1%,9,"Healthcare,Medicine,Science",,,
lxviii.date,available,52,1%,6,Mathematics,,,
abstruse.date,available,52,5%,8,"Humanities,Mathematics,Science",,,
lxxiv.date,available,52,1%,5,Mathematics,,,
lxi.date,available,52,5%,3,Mathematics,,,
xcvii.date,available,52,1%,5,Mathematics,,,
lxvii.date,available,52,1%,5,Mathematics,,,
ixc.date,available,52,5%,3,Mathematics,,,
lxxvi.date,available,52,1%,5,Mathematics,,,
lxxiii.date,available,52,1%,6,Mathematics,,,
ninetytwo.date,available,52,4%,10,Mathematics,,,
lxii.date,available,52,1%,4,Mathematics,,,
ablated.date,available,52,1%,7,Science,,,
aboulic.date,available,52,1%,7,Medicine,,,
chagrined.date,available,52,1%,9,Humanities,,,
lxv.date,available,52,5%,3,Mathematics,,,
abusive.date,available,52,3%,7,"Healthcare,Law",,,
abysmal.date,available,52,4%,7,"Arts,Entertainment,Media",,,
uphill.date,available,52,7%,6,"Sports,Transportation,Travel",,,
tierce.date,available,52,3%,6,General,,,
eightyone.date,available,52,3%,10,Mathematics,,,
lxxxii.date,available,52,1%,6,Mathematics,,,
eightytwo.date,available,52,4%,10,Mathematics,,,
lxxxi.date,available,52,1%,5,Mathematics,,,
repulsive.date,available,52,1%,9,Humanities,,,
abominable.date,available,52,2%,10,"Entertainment,Humanities",,,
lxxxv.date,available,52,1%,5,Mathematics,,,
xcv.date,available,52,7%,3,Mathematics,,,
sixtytwo.date,available,52,3%,9,Mathematics,,,
xcii.date,available,52,2%,4,Mathematics,,,
xcviii.date,available,52,1%,6,Mathematics,,,
lxvi.date,available,52,3%,4,Mathematics,,,
ninetyone.date,available,52,5%,10,Mathematics,,,
ixl.date,available,52,9%,3,Mathematics,,,
lxxxvii.date,available,52,1%,7,Mathematics,,,
xciv.date,available,52,2%,4,Mathematics,,,
lxxxiv.date,available,52,1%,6,Mathematics,,,
sixtyfour.date,available,52,3%,10,Mathematics,,,
sixtysix.date,available,52,4%,9,Mathematics,,,
detestable.date,available,52,1%,10,Humanities,,,
spinous.date,available,50,1%,7,"Agriculture,Science",,,
acetose.date,available,50,1%,7,Science,,,
adactylous.date,available,50,0%,10,Science,,,
abdicable.date,available,50,0%,9,Law,,,
broached.date,available,50,0%,8,Food and Beverage,,,
abomasal.date,available,50,0%,8,Agriculture,,,
acellular.date,available,50,1%,9,Science,,,
abducting.date,available,50,0%,9,Medicine,,,
acaudal.date,available,50,1%,7,"Agriculture,Science",,,
aborticide.date,available,50,0%,10,Medicine,,,
acapnotic.date,available,50,0%,9,"Healthcare,Medicine,Science",,,
ogdoad.date,available,50,1%,6,Mathematics,,,
triplet.date,available,50,8%,7,Science,,,
acquitted.date,available,50,1%,9,Law,,,
scummy.date,available,50,1%,6,Humanities,,,
aculeated.date,available,50,0%,9,"Engineering,Medicine,Science",,,
acapnic.date,available,50,0%,7,"Healthcare,Medicine,Science",,,
cinque.date,available,50,7%,6,Mathematics,,,
acerb.date,available,50,2%,5,Science,,,
adhominem.date,available,50,2%,10,"Humanities,Law,Politics",,,
abbatial.date,available,50,0%,8,Religion,,,
trine.date,available,50,11%,5,"General,Religion",,,
needlelike.date,available,50,0%,10,"Engineering,Medicine,Science",,,
vinegary.date,available,50,1%,8,Food and Beverage,,,
abranchial.date,available,50,0%,10,Science,,,
abactinal.date,available,50,0%,9,Science,,,
quint.date,available,50,13%,5,"Arts,Entertainment",,,
lxx.date,available,50,5%,3,Mathematics,,,
gillless.date,available,50,0%,9,Science,,,
acetous.date,available,50,1%,7,Science,,,
acerose.date,available,50,1%,7,Science,,,
acerbic.date,available,50,2%,7,"Arts,Humanities,Media",,,
ilxxx.date,available,48,1%,5,Mathematics,,,
execrable.date,available,48,0%,9,"Entertainment,Humanities",,,
lxxxviii.date,available,48,1%,8,Mathematics,,,
abyssal.date,available,48,12%,7,"Arts,Entertainment,Media",,,
abstracted.date,available,48,5%,10,"Arts,Humanities,Science",,,
apriori.date,available,48,13%,8,Mathematics,,,
notguilty.date,available,48,5%,10,Law,,,
ilxx.date,available,48,1%,4,Mathematics,,,
vinegarish.date,available,46,1%,10,Food and Beverage,,,
quaternary.date,available,46,3%,10,Mathematics,,,
acau.date,available,46,1%,8,"Agriculture,Science",,,
acanthous.date,available,46,0%,9,"Agriculture,Science",,,
achromous.date,available,46,1%,9,Science,,,
acetabular.date,available,46,1%,10,Science,,,
achenial.date,available,46,1%,8,Science,,,
acapnial.date,available,46,0%,8,"Healthcare,Medicine,Science",,,
achromic.date,available,46,2%,8,Science,,,
acarpelous.date,available,46,0%,10,"Agriculture,Science",,,
acanthotic.date,available,46,0%,10,"Agriculture,Science",,,
acephalous.date,available,46,1%,10,Science,,,
acetylic.date,available,46,1%,8,Science,,,
acetonic.date,available,46,1%,8,Science,,,
acanthoid.date,available,46,1%,9,"Agriculture,Science",,,
acicular.date,available,46,2%,8,Science,,,
acetylenic.date,available,46,1%,10,Science,,,
cotyloid.date,available,46,1%,8,Science,,,
acaudate.date,available,46,1%,8,"Agriculture,Science",,,
stripling.date,available,46,2%,9,"Education,Entertainment,Healthcare",,,
theabsurd.date,available,46,1%,10,"Arts,Entertainment,Media",,,
acarpous.date,available,46,0%,8,"Agriculture,Science",,,
stemless.date,available,46,2%,8,"Agriculture,Science",,,
acheronian.date,available,46,1%,10,Humanities,,,
accusatory.date,available,44,1%,10,Law,,,
cotyloidal.date,available,44,1%,10,Science,,,
acherontic.date,available,44,1%,10,Humanities,,,
abscessed.date,available,41,0%,9,Healthcare,,,
phoebe.date,available,41,14%,6,Science,,,
scurrilous.date,available,40,1%,10,"Entertainment,Media,Politics",,,
accusive.date,available,40,1%,8,Law,,,
accurst.date,available,40,1%,7,Religion,,,